﻿<?xml version="1.0" encoding="utf-8"?>
<!-- Profile Configuration Data. 22/08/2021 22:28:49 -->

<Profile>
  <useExclusiveMode>False</useExclusiveMode>
  <startMinimized>False</startMinimized>
  <formWidth>782</formWidth>
  <formHeight>550</formHeight>
  <Controller1>Default</Controller1>
  <Controller2>
  </Controller2>
  <Controller3>
  </Controller3>
  <Controller4>
  </Controller4>
  <LastChecked>22/08/2021 22:28:45</LastChecked>
  <CheckWhen>1</CheckWhen>
  <Notifications>2</Notifications>
  <DisconnectBTAtStop>False</DisconnectBTAtStop>
  <SwipeProfiles>True</SwipeProfiles>
  <UseDS4ForMapping>True</UseDS4ForMapping>
  <QuickCharge>False</QuickCharge>
  <FirstXinputPort>1</FirstXinputPort>
  <CloseMinimizes>False</CloseMinimizes>
  <DownloadLang>True</DownloadLang>
  <FlashWhenLate>True</FlashWhenLate>
  <FlashWhenLateAt>10</FlashWhenLateAt>
  <WhiteIcon>False</WhiteIcon>
  <CustomLed1>False:0,0,0</CustomLed1>
  <CustomLed2>False:0,0,0</CustomLed2>
  <CustomLed3>False:0,0,0</CustomLed3>
  <CustomLed4>False:0,0,0</CustomLed4>
</Profile>